LS Appeal,,,,,LS Appeal: Action Success Appeal,,,,,Video Appeal - Safety,,,,,Video Appeal - Safety,,,,,Video Appeal - Ecommerce,,,,,,
Week,daily_live_sessions enqueue_time, queue_name, total_inflow_live,,Week,end_qc_time,queue_name,sum total_approve_appeal_queue,,Week,No,Yes,Grand Total,,Month,No,Yes,Grand Total,,week_num,Total Apeal,Success Appeal (Y),,Month,COUNTA of video_id,Success Appeal (Y)
14,2-Apr,Livestream Appeal Queue - VN,68,,9,3/1/2026,Livestream Appeal Queue - VN,9,,2,209,3,212,,1,967,28,995,,16,382,69,18.06%,4,1692,285
21,18-May,Livestream Appeal Queue - VN,67,,10,3/2/2026,Livestream Appeal Queue - VN,5,,3,287,5,292,,2,556,32,588,,17,360,35,9.72%,5,1175,39
20,12-May,Livestream Appeal Queue - VN,94,,10,3/3/2026,Livestream Appeal Queue - VN,11,,4,293,12,305,,3,773,34,807,,18,330,10,3.03%,12,0,0
15,7-Apr,Livestream Appeal Queue - VN,74,,10,3/4/2026,Livestream Appeal Queue - VN,14,,5,203,9,212,,4,1110,33,1143,,19,365,17,4.66%,,,0
16,15-Apr,Livestream Appeal Queue - VN,70,,10,3/5/2026,Livestream Appeal Queue - VN,16,,6,222,15,237,,5,937,54,991,,20,252,4,1.59%,,,0
12,22-Mar,Livestream Appeal Queue - VN,56,,10,3/6/2026,Livestream Appeal Queue - VN,13,,7,97,5,102,,6,244,6,250,,21,229,10,4.37%,,,0
18,30-Apr,Livestream Appeal Queue - VN,44,,10,3/7/2026,Livestream Appeal Queue - VN,10,,8,44,,44,,,,,,,22,206,6,2.91%,,,0
12,18-Mar,Livestream Appeal Queue - VN,61,,10,3/8/2026,Livestream Appeal Queue - VN,11,,9,211,12,223,,,,,,,23,187,3,1.60%,,,0
22,28-May,Livestream Appeal Queue - VN,66,,11,3/9/2026,Livestream Appeal Queue - VN,9,,10,53,16,69,,,,,,,24,54,0,,,,0
23,3-Jun,Livestream Appeal Queue - VN,53,,11,3/10/2026,Livestream Appeal Queue - VN,14,,11,214,4,218,,,,,,,,,,,,,
19,7-May,Livestream Appeal Queue - VN,43,,11,3/11/2026,Livestream Appeal Queue - VN,14,,12,215,6,221,,,,,,,,,,,,,
24,9-Jun,Livestream Appeal Queue - VN,59,,11,3/12/2026,Livestream Appeal Queue - VN,15,,13,156,6,162,,,,,,,,,,,,,
19,5-May,Livestream Appeal Queue - VN,72,,11,3/13/2026,Livestream Appeal Queue - VN,6,,14,183,5,188,,,,,,,,,,,,,
21,22-May,Livestream Appeal Queue - VN,85,,11,3/14/2026,Livestream Appeal Queue - VN,8,,15,235,8,243,,,,,,,,,,,,,
16,17-Apr,Livestream Appeal Queue - VN,72,,11,3/15/2026,Livestream Appeal Queue - VN,13,,16,319,7,326,,,,,,,,,,,,,
15,11-Apr,Livestream Appeal Queue - VN,77,,12,3/16/2026,Livestream Appeal Queue - VN,7,,17,298,10,308,,,,,,,,,,,,,
17,24-Apr,Livestream Appeal Queue - VN,117,,12,3/17/2026,Livestream Appeal Queue - VN,4,,18,229,9,238,,,,,,,,,,,,,
13,27-Mar,Livestream Appeal Queue - VN,72,,12,3/18/2026,Livestream Appeal Queue - VN,2,,19,207,13,220,,,,,,,,,,,,,
18,29-Apr,Livestream Appeal Queue - VN,65,,12,3/19/2026,Livestream Appeal Queue - VN,11,,20,230,9,239,,,,,,,,,,,,,
14,3-Apr,Livestream Appeal Queue - VN,85,,12,3/20/2026,Livestream Appeal Queue - VN,6,,21,199,15,214,,,,,,,,,,,,,
17,26-Apr,Livestream Appeal Queue - VN,56,,12,3/21/2026,Livestream Appeal Queue - VN,10,,22,239,12,251,,,,,,,,,,,,,
19,8-May,Livestream Appeal Queue - VN,61,,12,3/22/2026,Livestream Appeal Queue - VN,7,,23,205,5,210,,,,,,,,,,,,,
17,22-Apr,Livestream Appeal Queue - VN,97,,13,3/23/2026,Livestream Appeal Queue - VN,7,,24,39,1,40,,,,,,,,,,,,,
12,19-Mar,Livestream Appeal Queue - VN,67,,13,3/24/2026,Livestream Appeal Queue - VN,11,,,,,,,,,,,,,,,,,,
22,25-May,Livestream Appeal Queue - VN,63,,13,3/25/2026,Livestream Appeal Queue - VN,11,,,,,,,,,,,,,,,,,,
15,12-Apr,Livestream Appeal Queue - VN,75,,13,3/26/2026,Livestream Appeal Queue - VN,1,,,,,,,,,,,,,,,,,,
15,8-Apr,Livestream Appeal Queue - VN,117,,13,3/27/2026,Livestream Appeal Queue - VN,8,,,,,,,,,,,,,,,,,,
22,27-May,Livestream Appeal Queue - VN,75,,13,3/28/2026,Livestream Appeal Queue - VN,6,,,,,,,,,,,,,,,,,,
18,27-Apr,Livestream Appeal Queue - VN,66,,13,3/29/2026,Livestream Appeal Queue - VN,3,,,,,,,,,,,,,,,,,,
17,21-Apr,Livestream Appeal Queue - VN,140,,14,3/30/2026,Livestream Appeal Queue - VN,4,,,,,,,,,,,,,,,,,,
23,7-Jun,Livestream Appeal Queue - VN,40,,14,3/31/2026,Livestream Appeal Queue - VN,7,,,,,,,,,,,,,,,,,,
19,10-May,Livestream Appeal Queue - VN,29,,14,4/1/2026,Livestream Appeal Queue - VN,5,,,,,,,,,,,,,,,,,,
19,4-May,Livestream Appeal Queue - VN,72,,14,4/2/2026,Livestream Appeal Queue - VN,7,,,,,,,,,,,,,,,,,,
15,6-Apr,Livestream Appeal Queue - VN,70,,14,4/3/2026,Livestream Appeal Queue - VN,5,,,,,,,,,,,,,,,,,,
16,14-Apr,Livestream Appeal Queue - VN,86,,14,4/4/2026,Livestream Appeal Queue - VN,3,,,,,,,,,,,,,,,,,,
18,28-Apr,Livestream Appeal Queue - VN,152,,14,4/5/2026,Livestream Appeal Queue - VN,3,,,,,,,,,,,,,,,,,,
20,16-May,Livestream Appeal Queue - VN,45,,15,4/6/2026,Livestream Appeal Queue - VN,8,,,,,,,,,,,,,,,,,,
13,26-Mar,Livestream Appeal Queue - VN,50,,15,4/7/2026,Livestream Appeal Queue - VN,5,,,,,,,,,,,,,,,,,,
20,15-May,Livestream Appeal Queue - VN,65,,15,4/8/2026,Livestream Appeal Queue - VN,5,,,,,,,,,,,,,,,,,,
21,24-May,Livestream Appeal Queue - VN,35,,15,4/9/2026,Livestream Appeal Queue - VN,12,,,,,,,,,,,,,,,,,,
16,19-Apr,Livestream Appeal Queue - VN,57,,15,4/10/2026,Livestream Appeal Queue - VN,9,,,,,,,,,,,,,,,,,,
14,31-Mar,Livestream Appeal Queue - VN,103,,15,4/11/2026,Livestream Appeal Queue - VN,6,,,,,,,,,,,,,,,,,,
21,19-May,Livestream Appeal Queue - VN,83,,15,4/12/2026,Livestream Appeal Queue - VN,5,,,,,,,,,,,,,,,,,,
13,29-Mar,Livestream Appeal Queue - VN,44,,16,4/13/2026,Livestream Appeal Queue - VN,4,,,,,,,,,,,,,,,,,,
16,16-Apr,Livestream Appeal Queue - VN,352,,16,4/14/2026,Livestream Appeal Queue - VN,2,,,,,,,,,,,,,,,,,,
19,9-May,Livestream Appeal Queue - VN,53,,16,4/15/2026,Livestream Appeal Queue - VN,7,,,,,,,,,,,,,,,,,,
21,20-May,Livestream Appeal Queue - VN,110,,16,4/16/2026,Livestream Appeal Queue - VN,10,,,,,,,,,,,,,,,,,,
13,24-Mar,Livestream Appeal Queue - VN,59,,16,4/17/2026,Livestream Appeal Queue - VN,2,,,,,,,,,,,,,,,,,,
14,5-Apr,Livestream Appeal Queue - VN,67,,16,4/18/2026,Livestream Appeal Queue - VN,2,,,,,,,,,,,,,,,,,,
18,2-May,Livestream Appeal Queue - VN,50,,16,4/19/2026,Livestream Appeal Queue - VN,5,,,,,,,,,,,,,,,,,,
13,28-Mar,Livestream Appeal Queue - VN,65,,17,4/20/2026,Livestream Appeal Queue - VN,1,,,,,,,,,,,,,,,,,,
23,1-Jun,Livestream Appeal Queue - VN,64,,17,4/21/2026,Livestream Appeal Queue - VN,18,,,,,,,,,,,,,,,,,,
23,2-Jun,Livestream Appeal Queue - VN,110,,17,4/22/2026,Livestream Appeal Queue - VN,6,,,,,,,,,,,,,,,,,,
23,6-Jun,Livestream Appeal Queue - VN,48,,17,4/23/2026,Livestream Appeal Queue - VN,5,,,,,,,,,,,,,,,,,,
18,3-May,Livestream Appeal Queue - VN,39,,17,4/24/2026,Livestream Appeal Queue - VN,5,,,,,,,,,,,,,,,,,,
14,4-Apr,Livestream Appeal Queue - VN,52,,17,4/25/2026,Livestream Appeal Queue - VN,2,,,,,,,,,,,,,,,,,,
19,6-May,Livestream Appeal Queue - VN,143,,17,4/26/2026,Livestream Appeal Queue - VN,3,,,,,,,,,,,,,,,,,,
24,8-Jun,Livestream Appeal Queue - VN,35,,18,4/27/2026,Livestream Appeal Queue - VN,6,,,,,,,,,,,,,,,,,,
22,26-May,Livestream Appeal Queue - VN,63,,18,4/28/2026,Livestream Appeal Queue - VN,12,,,,,,,,,,,,,,,,,,
11,12-Mar,Livestream Appeal Queue - VN,64,,18,4/29/2026,Livestream Appeal Queue - VN,5,,,,,,,,,,,,,,,,,,
12,21-Mar,Livestream Appeal Queue - VN,37,,18,4/30/2026,Livestream Appeal Queue - VN,2,,,,,,,,,,,,,,,,,,
20,17-May,Livestream Appeal Queue - VN,39,,18,5/1/2026,Livestream Appeal Queue - VN,0,,,,,,,,,,,,,,,,,,
13,23-Mar,Livestream Appeal Queue - VN,99,,18,5/2/2026,Livestream Appeal Queue - VN,5,,,,,,,,,,,,,,,,,,
23,4-Jun,Livestream Appeal Queue - VN,49,,18,5/3/2026,Livestream Appeal Queue - VN,2,,,,,,,,,,,,,,,,,,
12,20-Mar,Livestream Appeal Queue - VN,65,,19,5/4/2026,Livestream Appeal Queue - VN,4,,,,,,,,,,,,,,,,,,
13,25-Mar,Livestream Appeal Queue - VN,74,,19,5/5/2026,Livestream Appeal Queue - VN,7,,,,,,,,,,,,,,,,,,
15,10-Apr,Livestream Appeal Queue - VN,82,,19,5/6/2026,Livestream Appeal Queue - VN,3,,,,,,,,,,,,,,,,,,
12,17-Mar,Livestream Appeal Queue - VN,58,,19,5/7/2026,Livestream Appeal Queue - VN,8,,,,,,,,,,,,,,,,,,
22,31-May,Livestream Appeal Queue - VN,36,,19,5/8/2026,Livestream Appeal Queue - VN,5,,,,,,,,,,,,,,,,,,
17,25-Apr,Livestream Appeal Queue - VN,87,,19,5/9/2026,Livestream Appeal Queue - VN,3,,,,,,,,,,,,,,,,,,
16,18-Apr,Livestream Appeal Queue - VN,67,,19,5/10/2026,Livestream Appeal Queue - VN,2,,,,,,,,,,,,,,,,,,
23,5-Jun,Livestream Appeal Queue - VN,54,,20,5/11/2026,Livestream Appeal Queue - VN,13,,,,,,,,,,,,,,,,,,
22,29-May,Livestream Appeal Queue - VN,46,,20,5/12/2026,Livestream Appeal Queue - VN,7,,,,,,,,,,,,,,,,,,
21,21-May,Livestream Appeal Queue - VN,129,,20,5/13/2026,Livestream Appeal Queue - VN,3,,,,,,,,,,,,,,,,,,
18,1-May,Livestream Appeal Queue - VN,47,,20,5/14/2026,Livestream Appeal Queue - VN,6,,,,,,,,,,,,,,,,,,
11,14-Mar,Livestream Appeal Queue - VN,60,,20,5/15/2026,Livestream Appeal Queue - VN,4,,,,,,,,,,,,,,,,,,
16,13-Apr,Livestream Appeal Queue - VN,74,,20,5/16/2026,Livestream Appeal Queue - VN,3,,,,,,,,,,,,,,,,,,
14,1-Apr,Livestream Appeal Queue - VN,87,,20,5/17/2026,Livestream Appeal Queue - VN,2,,,,,,,,,,,,,,,,,,
11,15-Mar,Livestream Appeal Queue - VN,61,,21,5/18/2026,Livestream Appeal Queue - VN,4,,,,,,,,,,,,,,,,,,
21,23-May,Livestream Appeal Queue - VN,74,,21,5/19/2026,Livestream Appeal Queue - VN,9,,,,,,,,,,,,,,,,,,
22,30-May,Livestream Appeal Queue - VN,28,,21,5/20/2026,Livestream Appeal Queue - VN,1,,,,,,,,,,,,,,,,,,
17,20-Apr,Livestream Appeal Queue - VN,76,,21,5/21/2026,Livestream Appeal Queue - VN,2,,,,,,,,,,,,,,,,,,
11,13-Mar,Livestream Appeal Queue - VN,78,,21,5/22/2026,Livestream Appeal Queue - VN,5,,,,,,,,,,,,,,,,,,
17,23-Apr,Livestream Appeal Queue - VN,111,,21,5/23/2026,Livestream Appeal Queue - VN,3,,,,,,,,,,,,,,,,,,
14,30-Mar,Livestream Appeal Queue - VN,54,,21,5/24/2026,Livestream Appeal Queue - VN,0,,,,,,,,,,,,,,,,,,
20,11-May,Livestream Appeal Queue - VN,125,,22,5/25/2026,Livestream Appeal Queue - VN,6,,,,,,,,,,,,,,,,,,
12,16-Mar,Livestream Appeal Queue - VN,58,,22,5/26/2026,Livestream Appeal Queue - VN,5,,,,,,,,,,,,,,,,,,
20,14-May,Livestream Appeal Queue - VN,63,,22,5/27/2026,Livestream Appeal Queue - VN,3,,,,,,,,,,,,,,,,,,
15,9-Apr,Livestream Appeal Queue - VN,151,,22,5/28/2026,Livestream Appeal Queue - VN,19,,,,,,,,,,,,,,,,,,
20,13-May,Livestream Appeal Queue - VN,57,,22,5/29/2026,Livestream Appeal Queue - VN,2,,,,,,,,,,,,,,,,,,
52,,,,,22,5/30/2026,Livestream Appeal Queue - VN,7,,,,,,,,,,,,,,,,,,
52,,,,,22,5/31/2026,Livestream Appeal Queue - VN,0,,,,,,,,,,,,,,,,,,
52,,,,,23,6/1/2026,Livestream Appeal Queue - VN,2,,,,,,,,,,,,,,,,,,
52,,,,,23,6/2/2026,Livestream Appeal Queue - VN,2,,,,,,,,,,,,,,,,,,
52,,,,,23,6/3/2026,Livestream Appeal Queue - VN,2,,,,,,,,,,,,,,,,,,
52,,,,,23,6/4/2026,Livestream Appeal Queue - VN,11,,,,,,,,,,,,,,,,,,
52,,,,,23,6/5/2026,Livestream Appeal Queue - VN,5,,,,,,,,,,,,,,,,,,
52,,,,,23,6/6/2026,Livestream Appeal Queue - VN,3,,,,,,,,,,,,,,,,,,
52,,,,,23,6/7/2026,Livestream Appeal Queue - VN,1,,,,,,,,,,,,,,,,,,
52,,,,,24,6/8/2026,Livestream Appeal Queue - VN,2,,,,,,,,,,,,,,,,,,
52,,,,,24,6/9/2026,Livestream Appeal Queue - VN,4,,,,,,,,,,,,,,,,,,
52,,,,,52,,,,,,,,,,,,,,,,,,,,,
52,,,,,52,,,,,,,,,,,,,,,,,,,,,
52,,,,,52,,,,,,,,,,,,,,,,,,,,,
52,,,,,52,,,,,,,,,,,,,,,,,,,,,
52,,,,,52,,,,,,,,,,,,,,,,,,,,,
52,,,,,52,,,,,,,,,,,,,,,,,,,,,
52,,,,,52,,,,,,,,,,,,,,,,,,,,,
52,,,,,52,,,,,,,,,,,,,,,,,,,,,
52,,,,,52,,,,,,,,,,,,,,,,,,,,,
52,,,,,52,,,,,,,,,,,,,,,,,,,,,
52,,,,,52,,,,,,,,,,,,,,,,,,,,,
52,,,,,52,,,,,,,,,,,,,,,,,,,,,
52,,,,,52,,,,,,,,,,,,,,,,,,,,,
52,,,,,52,,,,,,,,,,,,,,,,,,,,,
52,,,,,52,,,,,,,,,,,,,,,,,,,,,
52,,,,,52,,,,,,,,,,,,,,,,,,,,,
52,,,,,52,,,,,,,,,,,,,,,,,,,,,
52,,,,,52,,,,,,,,,,,,,,,,,,,,,
52,,,,,52,,,,,,,,,,,,,,,,,,,,,
52,,,,,52,,,,,,,,,,,,,,,,,,,,,
52,,,,,52,,,,,,,,,,,,,,,,,,,,,
52,,,,,52,,,,,,,,,,,,,,,,,,,,,
52,,,,,52,,,,,,,,,,,,,,,,,,,,,
52,,,,,52,,,,,,,,,,,,,,,,,,,,,
52,,,,,52,,,,,,,,,,,,,,,,,,,,,
52,,,,,52,,,,,,,,,,,,,,,,,,,,,
52,,,,,52,,,,,,,,,,,,,,,,,,,,,
52,,,,,52,,,,,,,,,,,,,,,,,,,,,
52,,,,,52,,,,,,,,,,,,,,,,,,,,,
52,,,,,52,,,,,,,,,,,,,,,,,,,,,
52,,,,,52,,,,,,,,,,,,,,,,,,,,,
52,,,,,52,,,,,,,,,,,,,,,,,,,,,
52,,,,,52,,,,,,,,,,,,,,,,,,,,,
52,,,,,52,,,,,,,,,,,,,,,,,,,,,
52,,,,,52,,,,,,,,,,,,,,,,,,,,,
52,,,,,52,,,,,,,,,,,,,,,,,,,,,
52,,,,,52,,,,,,,,,,,,,,,,,,,,,
52,,,,,52,,,,,,,,,,,,,,,,,,,,,
52,,,,,52,,,,,,,,,,,,,,,,,,,,,
52,,,,,52,,,,,,,,,,,,,,,,,,,,,
52,,,,,52,,,,,,,,,,,,,,,,,,,,,
52,,,,,52,,,,,,,,,,,,,,,,,,,,,
52,,,,,52,,,,,,,,,,,,,,,,,,,,,
52,,,,,52,,,,,,,,,,,,,,,,,,,,,
52,,,,,52,,,,,,,,,,,,,,,,,,,,,
52,,,,,52,,,,,,,,,,,,,,,,,,,,,
52,,,,,52,,,,,,,,,,,,,,,,,,,,,
52,,,,,52,,,,,,,,,,,,,,,,,,,,,
52,,,,,52,,,,,,,,,,,,,,,,,,,,,
52,,,,,52,,,,,,,,,,,,,,,,,,,,,
52,,,,,52,,,,,,,,,,,,,,,,,,,,,
52,,,,,52,,,,,,,,,,,,,,,,,,,,,
52,,,,,52,,,,,,,,,,,,,,,,,,,,,
52,,,,,52,,,,,,,,,,,,,,,,,,,,,
52,,,,,52,,,,,,,,,,,,,,,,,,,,,
52,,,,,52,,,,,,,,,,,,,,,,,,,,,
52,,,,,52,,,,,,,,,,,,,,,,,,,,,
52,,,,,52,,,,,,,,,,,,,,,,,,,,,
52,,,,,52,,,,,,,,,,,,,,,,,,,,,
52,,,,,52,,,,,,,,,,,,,,,,,,,,,
52,,,,,52,,,,,,,,,,,,,,,,,,,,,
52,,,,,52,,,,,,,,,,,,,,,,,,,,,
52,,,,,52,,,,,,,,,,,,,,,,,,,,,
52,,,,,52,,,,,,,,,,,,,,,,,,,,,
52,,,,,52,,,,,,,,,,,,,,,,,,,,,
52,,,,,52,,,,,,,,,,,,,,,,,,,,,
52,,,,,52,,,,,,,,,,,,,,,,,,,,,
52,,,,,52,,,,,,,,,,,,,,,,,,,,,
52,,,,,52,,,,,,,,,,,,,,,,,,,,,
52,,,,,52,,,,,,,,,,,,,,,,,,,,,
52,,,,,52,,,,,,,,,,,,,,,,,,,,,
52,,,,,52,,,,,,,,,,,,,,,,,,,,,
52,,,,,52,,,,,,,,,,,,,,,,,,,,,
52,,,,,52,,,,,,,,,,,,,,,,,,,,,
52,,,,,52,,,,,,,,,,,,,,,,,,,,,
52,,,,,52,,,,,,,,,,,,,,,,,,,,,
52,,,,,52,,,,,,,,,,,,,,,,,,,,,
52,,,,,52,,,,,,,,,,,,,,,,,,,,,
52,,,,,52,,,,,,,,,,,,,,,,,,,,,
52,,,,,52,,,,,,,,,,,,,,,,,,,,,
52,,,,,52,,,,,,,,,,,,,,,,,,,,,
52,,,,,52,,,,,,,,,,,,,,,,,,,,,
52,,,,,52,,,,,,,,,,,,,,,,,,,,,
52,,,,,52,,,,,,,,,,,,,,,,,,,,,
52,,,,,52,,,,,,,,,,,,,,,,,,,,,
52,,,,,52,,,,,,,,,,,,,,,,,,,,,
52,,,,,52,,,,,,,,,,,,,,,,,,,,,
52,,,,,52,,,,,,,,,,,,,,,,,,,,,
52,,,,,52,,,,,,,,,,,,,,,,,,,,,
52,,,,,52,,,,,,,,,,,,,,,,,,,,,
52,,,,,52,,,,,,,,,,,,,,,,,,,,,
52,,,,,52,,,,,,,,,,,,,,,,,,,,,
52,,,,,52,,,,,,,,,,,,,,,,,,,,,
52,,,,,52,,,,,,,,,,,,,,,,,,,,,
52,,,,,52,,,,,,,,,,,,,,,,,,,,,
52,,,,,52,,,,,,,,,,,,,,,,,,,,,
52,,,,,52,,,,,,,,,,,,,,,,,,,,,
52,,,,,52,,,,,,,,,,,,,,,,,,,,,
52,,,,,52,,,,,,,,,,,,,,,,,,,,,
52,,,,,52,,,,,,,,,,,,,,,,,,,,,
52,,,,,52,,,,,,,,,,,,,,,,,,,,,
52,,,,,52,,,,,,,,,,,,,,,,,,,,,
52,,,,,52,,,,,,,,,,,,,,,,,,,,,
52,,,,,52,,,,,,,,,,,,,,,,,,,,,
52,,,,,52,,,,,,,,,,,,,,,,,,,,,
52,,,,,52,,,,,,,,,,,,,,,,,,,,,
52,,,,,52,,,,,,,,,,,,,,,,,,,,,
52,,,,,52,,,,,,,,,,,,,,,,,,,,,
52,,,,,52,,,,,,,,,,,,,,,,,,,,,
52,,,,,52,,,,,,,,,,,,,,,,,,,,,
52,,,,,52,,,,,,,,,,,,,,,,,,,,,
52,,,,,52,,,,,,,,,,,,,,,,,,,,,
52,,,,,52,,,,,,,,,,,,,,,,,,,,,
52,,,,,52,,,,,,,,,,,,,,,,,,,,,
52,,,,,52,,,,,,,,,,,,,,,,,,,,,
52,,,,,52,,,,,,,,,,,,,,,,,,,,,
52,,,,,52,,,,,,,,,,,,,,,,,,,,,
52,,,,,52,,,,,,,,,,,,,,,,,,,,,
52,,,,,52,,,,,,,,,,,,,,,,,,,,,
52,,,,,52,,,,,,,,,,,,,,,,,,,,,
52,,,,,52,,,,,,,,,,,,,,,,,,,,,
52,,,,,52,,,,,,,,,,,,,,,,,,,,,
52,,,,,52,,,,,,,,,,,,,,,,,,,,,
52,,,,,52,,,,,,,,,,,,,,,,,,,,,
52,,,,,52,,,,,,,,,,,,,,,,,,,,,
52,,,,,52,,,,,,,,,,,,,,,,,,,,,
52,,,,,52,,,,,,,,,,,,,,,,,,,,,
52,,,,,52,,,,,,,,,,,,,,,,,,,,,
52,,,,,52,,,,,,,,,,,,,,,,,,,,,
52,,,,,52,,,,,,,,,,,,,,,,,,,,,
52,,,,,52,,,,,,,,,,,,,,,,,,,,,
52,,,,,52,,,,,,,,,,,,,,,,,,,,,
52,,,,,52,,,,,,,,,,,,,,,,,,,,,
52,,,,,52,,,,,,,,,,,,,,,,,,,,,
52,,,,,52,,,,,,,,,,,,,,,,,,,,,
52,,,,,52,,,,,,,,,,,,,,,,,,,,,
52,,,,,52,,,,,,,,,,,,,,,,,,,,,
52,,,,,52,,,,,,,,,,,,,,,,,,,,,
52,,,,,52,,,,,,,,,,,,,,,,,,,,,
52,,,,,52,,,,,,,,,,,,,,,,,,,,,
52,,,,,52,,,,,,,,,,,,,,,,,,,,,
52,,,,,52,,,,,,,,,,,,,,,,,,,,,
52,,,,,52,,,,,,,,,,,,,,,,,,,,,
52,,,,,52,,,,,,,,,,,,,,,,,,,,,
52,,,,,52,,,,,,,,,,,,,,,,,,,,,
52,,,,,52,,,,,,,,,,,,,,,,,,,,,
52,,,,,52,,,,,,,,,,,,,,,,,,,,,
52,,,,,52,,,,,,,,,,,,,,,,,,,,,
52,,,,,52,,,,,,,,,,,,,,,,,,,,,
52,,,,,52,,,,,,,,,,,,,,,,,,,,,
52,,,,,52,,,,,,,,,,,,,,,,,,,,,
52,,,,,52,,,,,,,,,,,,,,,,,,,,,
52,,,,,52,,,,,,,,,,,,,,,,,,,,,
52,,,,,52,,,,,,,,,,,,,,,,,,,,,
52,,,,,52,,,,,,,,,,,,,,,,,,,,,
52,,,,,52,,,,,,,,,,,,,,,,,,,,,
52,,,,,52,,,,,,,,,,,,,,,,,,,,,
52,,,,,52,,,,,,,,,,,,,,,,,,,,,
52,,,,,52,,,,,,,,,,,,,,,,,,,,,
52,,,,,52,,,,,,,,,,,,,,,,,,,,,
52,,,,,52,,,,,,,,,,,,,,,,,,,,,
52,,,,,52,,,,,,,,,,,,,,,,,,,,,
52,,,,,52,,,,,,,,,,,,,,,,,,,,,
52,,,,,52,,,,,,,,,,,,,,,,,,,,,
52,,,,,52,,,,,,,,,,,,,,,,,,,,,
52,,,,,52,,,,,,,,,,,,,,,,,,,,,
52,,,,,52,,,,,,,,,,,,,,,,,,,,,
52,,,,,52,,,,,,,,,,,,,,,,,,,,,
52,,,,,52,,,,,,,,,,,,,,,,,,,,,
52,,,,,52,,,,,,,,,,,,,,,,,,,,,
52,,,,,52,,,,,,,,,,,,,,,,,,,,,
52,,,,,52,,,,,,,,,,,,,,,,,,,,,
52,,,,,52,,,,,,,,,,,,,,,,,,,,,
52,,,,,52,,,,,,,,,,,,,,,,,,,,,
52,,,,,52,,,,,,,,,,,,,,,,,,,,,
52,,,,,52,,,,,,,,,,,,,,,,,,,,,
52,,,,,52,,,,,,,,,,,,,,,,,,,,,
52,,,,,52,,,,,,,,,,,,,,,,,,,,,
52,,,,,52,,,,,,,,,,,,,,,,,,,,,
52,,,,,52,,,,,,,,,,,,,,,,,,,,,
52,,,,,52,,,,,,,,,,,,,,,,,,,,,
52,,,,,52,,,,,,,,,,,,,,,,,,,,,
52,,,,,52,,,,,,,,,,,,,,,,,,,,,
52,,,,,52,,,,,,,,,,,,,,,,,,,,,
52,,,,,52,,,,,,,,,,,,,,,,,,,,,
52,,,,,52,,,,,,,,,,,,,,,,,,,,,
52,,,,,52,,,,,,,,,,,,,,,,,,,,,
52,,,,,52,,,,,,,,,,,,,,,,,,,,,
52,,,,,52,,,,,,,,,,,,,,,,,,,,,
52,,,,,52,,,,,,,,,,,,,,,,,,,,,
52,,,,,52,,,,,,,,,,,,,,,,,,,,,
52,,,,,52,,,,,,,,,,,,,,,,,,,,,
52,,,,,52,,,,,,,,,,,,,,,,,,,,,
52,,,,,52,,,,,,,,,,,,,,,,,,,,,
52,,,,,52,,,,,,,,,,,,,,,,,,,,,
52,,,,,52,,,,,,,,,,,,,,,,,,,,,
52,,,,,52,,,,,,,,,,,,,,,,,,,,,
52,,,,,52,,,,,,,,,,,,,,,,,,,,,
52,,,,,52,,,,,,,,,,,,,,,,,,,,,
52,,,,,52,,,,,,,,,,,,,,,,,,,,,
52,,,,,52,,,,,,,,,,,,,,,,,,,,,
52,,,,,52,,,,,,,,,,,,,,,,,,,,,
52,,,,,52,,,,,,,,,,,,,,,,,,,,,
52,,,,,52,,,,,,,,,,,,,,,,,,,,,
52,,,,,52,,,,,,,,,,,,,,,,,,,,,
52,,,,,52,,,,,,,,,,,,,,,,,,,,,
52,,,,,52,,,,,,,,,,,,,,,,,,,,,
52,,,,,52,,,,,,,,,,,,,,,,,,,,,
52,,,,,52,,,,,,,,,,,,,,,,,,,,,
52,,,,,52,,,,,,,,,,,,,,,,,,,,,
52,,,,,52,,,,,,,,,,,,,,,,,,,,,
52,,,,,52,,,,,,,,,,,,,,,,,,,,,
52,,,,,52,,,,,,,,,,,,,,,,,,,,,
52,,,,,52,,,,,,,,,,,,,,,,,,,,,
52,,,,,52,,,,,,,,,,,,,,,,,,,,,
52,,,,,52,,,,,,,,,,,,,,,,,,,,,
52,,,,,52,,,,,,,,,,,,,,,,,,,,,
52,,,,,52,,,,,,,,,,,,,,,,,,,,,
52,,,,,52,,,,,,,,,,,,,,,,,,,,,
52,,,,,52,,,,,,,,,,,,,,,,,,,,,
52,,,,,52,,,,,,,,,,,,,,,,,,,,,
52,,,,,52,,,,,,,,,,,,,,,,,,,,,
52,,,,,52,,,,,,,,,,,,,,,,,,,,,
52,,,,,52,,,,,,,,,,,,,,,,,,,,,
52,,,,,52,,,,,,,,,,,,,,,,,,,,,
52,,,,,52,,,,,,,,,,,,,,,,,,,,,
52,,,,,52,,,,,,,,,,,,,,,,,,,,,
52,,,,,52,,,,,,,,,,,,,,,,,,,,,
52,,,,,52,,,,,,,,,,,,,,,,,,,,,
52,,,,,52,,,,,,,,,,,,,,,,,,,,,
52,,,,,52,,,,,,,,,,,,,,,,,,,,,
52,,,,,52,,,,,,,,,,,,,,,,,,,,,
52,,,,,52,,,,,,,,,,,,,,,,,,,,,
52,,,,,52,,,,,,,,,,,,,,,,,,,,,
52,,,,,52,,,,,,,,,,,,,,,,,,,,,
52,,,,,52,,,,,,,,,,,,,,,,,,,,,
52,,,,,52,,,,,,,,,,,,,,,,,,,,,
52,,,,,52,,,,,,,,,,,,,,,,,,,,,
52,,,,,52,,,,,,,,,,,,,,,,,,,,,
52,,,,,52,,,,,,,,,,,,,,,,,,,,,
52,,,,,52,,,,,,,,,,,,,,,,,,,,,
52,,,,,52,,,,,,,,,,,,,,,,,,,,,
52,,,,,52,,,,,,,,,,,,,,,,,,,,,
52,,,,,52,,,,,,,,,,,,,,,,,,,,,
52,,,,,52,,,,,,,,,,,,,,,,,,,,,
52,,,,,52,,,,,,,,,,,,,,,,,,,,,
52,,,,,52,,,,,,,,,,,,,,,,,,,,,
52,,,,,52,,,,,,,,,,,,,,,,,,,,,
52,,,,,52,,,,,,,,,,,,,,,,,,,,,
52,,,,,52,,,,,,,,,,,,,,,,,,,,,
52,,,,,52,,,,,,,,,,,,,,,,,,,,,
52,,,,,52,,,,,,,,,,,,,,,,,,,,,
52,,,,,52,,,,,,,,,,,,,,,,,,,,,
52,,,,,52,,,,,,,,,,,,,,,,,,,,,
52,,,,,52,,,,,,,,,,,,,,,,,,,,,
52,,,,,52,,,,,,,,,,,,,,,,,,,,,
52,,,,,52,,,,,,,,,,,,,,,,,,,,,
52,,,,,52,,,,,,,,,,,,,,,,,,,,,
52,,,,,52,,,,,,,,,,,,,,,,,,,,,
52,,,,,52,,,,,,,,,,,,,,,,,,,,,
52,,,,,52,,,,,,,,,,,,,,,,,,,,,
52,,,,,52,,,,,,,,,,,,,,,,,,,,,
52,,,,,52,,,,,,,,,,,,,,,,,,,,,
52,,,,,52,,,,,,,,,,,,,,,,,,,,,
52,,,,,52,,,,,,,,,,,,,,,,,,,,,
52,,,,,52,,,,,,,,,,,,,,,,,,,,,
52,,,,,52,,,,,,,,,,,,,,,,,,,,,
52,,,,,52,,,,,,,,,,,,,,,,,,,,,
52,,,,,52,,,,,,,,,,,,,,,,,,,,,
52,,,,,52,,,,,,,,,,,,,,,,,,,,,
52,,,,,52,,,,,,,,,,,,,,,,,,,,,
52,,,,,52,,,,,,,,,,,,,,,,,,,,,
52,,,,,52,,,,,,,,,,,,,,,,,,,,,
52,,,,,52,,,,,,,,,,,,,,,,,,,,,
52,,,,,52,,,,,,,,,,,,,,,,,,,,,
52,,,,,52,,,,,,,,,,,,,,,,,,,,,
52,,,,,52,,,,,,,,,,,,,,,,,,,,,
52,,,,,52,,,,,,,,,,,,,,,,,,,,,
52,,,,,52,,,,,,,,,,,,,,,,,,,,,
52,,,,,52,,,,,,,,,,,,,,,,,,,,,
52,,,,,52,,,,,,,,,,,,,,,,,,,,,
52,,,,,52,,,,,,,,,,,,,,,,,,,,,
52,,,,,52,,,,,,,,,,,,,,,,,,,,,
52,,,,,52,,,,,,,,,,,,,,,,,,,,,
52,,,,,52,,,,,,,,,,,,,,,,,,,,,
52,,,,,52,,,,,,,,,,,,,,,,,,,,,
52,,,,,52,,,,,,,,,,,,,,,,,,,,,
52,,,,,52,,,,,,,,,,,,,,,,,,,,,
52,,,,,52,,,,,,,,,,,,,,,,,,,,,
52,,,,,52,,,,,,,,,,,,,,,,,,,,,
52,,,,,52,,,,,,,,,,,,,,,,,,,,,
52,,,,,52,,,,,,,,,,,,,,,,,,,,,
52,,,,,52,,,,,,,,,,,,,,,,,,,,,
52,,,,,52,,,,,,,,,,,,,,,,,,,,,
52,,,,,52,,,,,,,,,,,,,,,,,,,,,
52,,,,,52,,,,,,,,,,,,,,,,,,,,,
52,,,,,52,,,,,,,,,,,,,,,,,,,,,
52,,,,,52,,,,,,,,,,,,,,,,,,,,,
52,,,,,52,,,,,,,,,,,,,,,,,,,,,
52,,,,,52,,,,,,,,,,,,,,,,,,,,,
52,,,,,52,,,,,,,,,,,,,,,,,,,,,
52,,,,,52,,,,,,,,,,,,,,,,,,,,,
52,,,,,52,,,,,,,,,,,,,,,,,,,,,
52,,,,,52,,,,,,,,,,,,,,,,,,,,,
52,,,,,52,,,,,,,,,,,,,,,,,,,,,
52,,,,,52,,,,,,,,,,,,,,,,,,,,,
52,,,,,52,,,,,,,,,,,,,,,,,,,,,
52,,,,,52,,,,,,,,,,,,,,,,,,,,,
52,,,,,52,,,,,,,,,,,,,,,,,,,,,
52,,,,,52,,,,,,,,,,,,,,,,,,,,,
52,,,,,52,,,,,,,,,,,,,,,,,,,,,
52,,,,,52,,,,,,,,,,,,,,,,,,,,,
52,,,,,52,,,,,,,,,,,,,,,,,,,,,
52,,,,,52,,,,,,,,,,,,,,,,,,,,,
52,,,,,52,,,,,,,,,,,,,,,,,,,,,
52,,,,,52,,,,,,,,,,,,,,,,,,,,,
52,,,,,52,,,,,,,,,,,,,,,,,,,,,
52,,,,,52,,,,,,,,,,,,,,,,,,,,,
52,,,,,52,,,,,,,,,,,,,,,,,,,,,
52,,,,,52,,,,,,,,,,,,,,,,,,,,,
52,,,,,52,,,,,,,,,,,,,,,,,,,,,
52,,,,,52,,,,,,,,,,,,,,,,,,,,,
52,,,,,52,,,,,,,,,,,,,,,,,,,,,
52,,,,,52,,,,,,,,,,,,,,,,,,,,,
52,,,,,52,,,,,,,,,,,,,,,,,,,,,
52,,,,,52,,,,,,,,,,,,,,,,,,,,,
52,,,,,52,,,,,,,,,,,,,,,,,,,,,
52,,,,,52,,,,,,,,,,,,,,,,,,,,,
52,,,,,52,,,,,,,,,,,,,,,,,,,,,
52,,,,,52,,,,,,,,,,,,,,,,,,,,,
52,,,,,52,,,,,,,,,,,,,,,,,,,,,
52,,,,,52,,,,,,,,,,,,,,,,,,,,,
52,,,,,52,,,,,,,,,,,,,,,,,,,,,
52,,,,,52,,,,,,,,,,,,,,,,,,,,,
52,,,,,52,,,,,,,,,,,,,,,,,,,,,
52,,,,,52,,,,,,,,,,,,,,,,,,,,,
52,,,,,52,,,,,,,,,,,,,,,,,,,,,
52,,,,,52,,,,,,,,,,,,,,,,,,,,,
52,,,,,52,,,,,,,,,,,,,,,,,,,,,
52,,,,,52,,,,,,,,,,,,,,,,,,,,,
52,,,,,52,,,,,,,,,,,,,,,,,,,,,
52,,,,,52,,,,,,,,,,,,,,,,,,,,,
52,,,,,52,,,,,,,,,,,,,,,,,,,,,
52,,,,,52,,,,,,,,,,,,,,,,,,,,,
52,,,,,52,,,,,,,,,,,,,,,,,,,,,
52,,,,,52,,,,,,,,,,,,,,,,,,,,,
52,,,,,52,,,,,,,,,,,,,,,,,,,,,
52,,,,,52,,,,,,,,,,,,,,,,,,,,,
52,,,,,52,,,,,,,,,,,,,,,,,,,,,
52,,,,,52,,,,,,,,,,,,,,,,,,,,,
52,,,,,52,,,,,,,,,,,,,,,,,,,,,
52,,,,,52,,,,,,,,,,,,,,,,,,,,,
52,,,,,52,,,,,,,,,,,,,,,,,,,,,
52,,,,,52,,,,,,,,,,,,,,,,,,,,,
52,,,,,52,,,,,,,,,,,,,,,,,,,,,
52,,,,,52,,,,,,,,,,,,,,,,,,,,,
52,,,,,52,,,,,,,,,,,,,,,,,,,,,
52,,,,,52,,,,,,,,,,,,,,,,,,,,,
52,,,,,52,,,,,,,,,,,,,,,,,,,,,
52,,,,,52,,,,,,,,,,,,,,,,,,,,,
52,,,,,52,,,,,,,,,,,,,,,,,,,,,
52,,,,,52,,,,,,,,,,,,,,,,,,,,,
52,,,,,52,,,,,,,,,,,,,,,,,,,,,
52,,,,,52,,,,,,,,,,,,,,,,,,,,,
52,,,,,52,,,,,,,,,,,,,,,,,,,,,
52,,,,,52,,,,,,,,,,,,,,,,,,,,,
52,,,,,52,,,,,,,,,,,,,,,,,,,,,
52,,,,,52,,,,,,,,,,,,,,,,,,,,,
52,,,,,52,,,,,,,,,,,,,,,,,,,,,
52,,,,,52,,,,,,,,,,,,,,,,,,,,,
52,,,,,52,,,,,,,,,,,,,,,,,,,,,
52,,,,,52,,,,,,,,,,,,,,,,,,,,,
52,,,,,52,,,,,,,,,,,,,,,,,,,,,
52,,,,,52,,,,,,,,,,,,,,,,,,,,,
52,,,,,52,,,,,,,,,,,,,,,,,,,,,
52,,,,,52,,,,,,,,,,,,,,,,,,,,,
52,,,,,52,,,,,,,,,,,,,,,,,,,,,
52,,,,,52,,,,,,,,,,,,,,,,,,,,,
52,,,,,52,,,,,,,,,,,,,,,,,,,,,
52,,,,,52,,,,,,,,,,,,,,,,,,,,,
52,,,,,52,,,,,,,,,,,,,,,,,,,,,
52,,,,,52,,,,,,,,,,,,,,,,,,,,,
52,,,,,52,,,,,,,,,,,,,,,,,,,,,
52,,,,,52,,,,,,,,,,,,,,,,,,,,,
52,,,,,52,,,,,,,,,,,,,,,,,,,,,
52,,,,,52,,,,,,,,,,,,,,,,,,,,,
52,,,,,52,,,,,,,,,,,,,,,,,,,,,
52,,,,,52,,,,,,,,,,,,,,,,,,,,,
52,,,,,52,,,,,,,,,,,,,,,,,,,,,
52,,,,,52,,,,,,,,,,,,,,,,,,,,,
52,,,,,52,,,,,,,,,,,,,,,,,,,,,
52,,,,,52,,,,,,,,,,,,,,,,,,,,,
52,,,,,52,,,,,,,,,,,,,,,,,,,,,
52,,,,,52,,,,,,,,,,,,,,,,,,,,,
52,,,,,52,,,,,,,,,,,,,,,,,,,,,
52,,,,,52,,,,,,,,,,,,,,,,,,,,,
52,,,,,52,,,,,,,,,,,,,,,,,,,,,
52,,,,,52,,,,,,,,,,,,,,,,,,,,,
52,,,,,52,,,,,,,,,,,,,,,,,,,,,
52,,,,,52,,,,,,,,,,,,,,,,,,,,,
52,,,,,52,,,,,,,,,,,,,,,,,,,,,
52,,,,,52,,,,,,,,,,,,,,,,,,,,,
52,,,,,52,,,,,,,,,,,,,,,,,,,,,
52,,,,,52,,,,,,,,,,,,,,,,,,,,,
52,,,,,52,,,,,,,,,,,,,,,,,,,,,
52,,,,,52,,,,,,,,,,,,,,,,,,,,,
52,,,,,52,,,,,,,,,,,,,,,,,,,,,
52,,,,,52,,,,,,,,,,,,,,,,,,,,,
52,,,,,52,,,,,,,,,,,,,,,,,,,,,
52,,,,,52,,,,,,,,,,,,,,,,,,,,,
52,,,,,52,,,,,,,,,,,,,,,,,,,,,
52,,,,,52,,,,,,,,,,,,,,,,,,,,,
52,,,,,52,,,,,,,,,,,,,,,,,,,,,
52,,,,,52,,,,,,,,,,,,,,,,,,,,,
52,,,,,52,,,,,,,,,,,,,,,,,,,,,
52,,,,,52,,,,,,,,,,,,,,,,,,,,,
52,,,,,52,,,,,,,,,,,,,,,,,,,,,
52,,,,,52,,,,,,,,,,,,,,,,,,,,,
52,,,,,52,,,,,,,,,,,,,,,,,,,,,
52,,,,,52,,,,,,,,,,,,,,,,,,,,,
52,,,,,52,,,,,,,,,,,,,,,,,,,,,
52,,,,,52,,,,,,,,,,,,,,,,,,,,,
52,,,,,52,,,,,,,,,,,,,,,,,,,,,
52,,,,,52,,,,,,,,,,,,,,,,,,,,,
52,,,,,52,,,,,,,,,,,,,,,,,,,,,
52,,,,,52,,,,,,,,,,,,,,,,,,,,,
52,,,,,52,,,,,,,,,,,,,,,,,,,,,
52,,,,,52,,,,,,,,,,,,,,,,,,,,,
52,,,,,52,,,,,,,,,,,,,,,,,,,,,
52,,,,,52,,,,,,,,,,,,,,,,,,,,,
52,,,,,52,,,,,,,,,,,,,,,,,,,,,
52,,,,,52,,,,,,,,,,,,,,,,,,,,,
52,,,,,52,,,,,,,,,,,,,,,,,,,,,
52,,,,,52,,,,,,,,,,,,,,,,,,,,,
52,,,,,52,,,,,,,,,,,,,,,,,,,,,
52,,,,,52,,,,,,,,,,,,,,,,,,,,,
52,,,,,52,,,,,,,,,,,,,,,,,,,,,
52,,,,,52,,,,,,,,,,,,,,,,,,,,,
52,,,,,52,,,,,,,,,,,,,,,,,,,,,
52,,,,,52,,,,,,,,,,,,,,,,,,,,,
52,,,,,52,,,,,,,,,,,,,,,,,,,,,
52,,,,,52,,,,,,,,,,,,,,,,,,,,,
52,,,,,52,,,,,,,,,,,,,,,,,,,,,
52,,,,,52,,,,,,,,,,,,,,,,,,,,,
52,,,,,52,,,,,,,,,,,,,,,,,,,,,
52,,,,,52,,,,,,,,,,,,,,,,,,,,,
52,,,,,52,,,,,,,,,,,,,,,,,,,,,
52,,,,,52,,,,,,,,,,,,,,,,,,,,,
52,,,,,52,,,,,,,,,,,,,,,,,,,,,
52,,,,,52,,,,,,,,,,,,,,,,,,,,,
52,,,,,52,,,,,,,,,,,,,,,,,,,,,
52,,,,,52,,,,,,,,,,,,,,,,,,,,,
52,,,,,52,,,,,,,,,,,,,,,,,,,,,
52,,,,,52,,,,,,,,,,,,,,,,,,,,,
52,,,,,52,,,,,,,,,,,,,,,,,,,,,
52,,,,,52,,,,,,,,,,,,,,,,,,,,,
52,,,,,52,,,,,,,,,,,,,,,,,,,,,
52,,,,,52,,,,,,,,,,,,,,,,,,,,,
52,,,,,52,,,,,,,,,,,,,,,,,,,,,
52,,,,,52,,,,,,,,,,,,,,,,,,,,,
52,,,,,52,,,,,,,,,,,,,,,,,,,,,
52,,,,,52,,,,,,,,,,,,,,,,,,,,,
52,,,,,52,,,,,,,,,,,,,,,,,,,,,
52,,,,,52,,,,,,,,,,,,,,,,,,,,,
52,,,,,52,,,,,,,,,,,,,,,,,,,,,
52,,,,,52,,,,,,,,,,,,,,,,,,,,,
52,,,,,52,,,,,,,,,,,,,,,,,,,,,
52,,,,,52,,,,,,,,,,,,,,,,,,,,,
52,,,,,52,,,,,,,,,,,,,,,,,,,,,
52,,,,,52,,,,,,,,,,,,,,,,,,,,,
52,,,,,52,,,,,,,,,,,,,,,,,,,,,
52,,,,,52,,,,,,,,,,,,,,,,,,,,,
52,,,,,52,,,,,,,,,,,,,,,,,,,,,
52,,,,,52,,,,,,,,,,,,,,,,,,,,,
52,,,,,52,,,,,,,,,,,,,,,,,,,,,
52,,,,,52,,,,,,,,,,,,,,,,,,,,,
52,,,,,52,,,,,,,,,,,,,,,,,,,,,
52,,,,,52,,,,,,,,,,,,,,,,,,,,,
52,,,,,52,,,,,,,,,,,,,,,,,,,,,
52,,,,,52,,,,,,,,,,,,,,,,,,,,,
52,,,,,52,,,,,,,,,,,,,,,,,,,,,
52,,,,,52,,,,,,,,,,,,,,,,,,,,,
52,,,,,52,,,,,,,,,,,,,,,,,,,,,
52,,,,,52,,,,,,,,,,,,,,,,,,,,,
52,,,,,52,,,,,,,,,,,,,,,,,,,,,
52,,,,,52,,,,,,,,,,,,,,,,,,,,,
52,,,,,52,,,,,,,,,,,,,,,,,,,,,
52,,,,,52,,,,,,,,,,,,,,,,,,,,,
52,,,,,52,,,,,,,,,,,,,,,,,,,,,
52,,,,,52,,,,,,,,,,,,,,,,,,,,,
52,,,,,52,,,,,,,,,,,,,,,,,,,,,
52,,,,,52,,,,,,,,,,,,,,,,,,,,,
52,,,,,52,,,,,,,,,,,,,,,,,,,,,
52,,,,,52,,,,,,,,,,,,,,,,,,,,,
52,,,,,52,,,,,,,,,,,,,,,,,,,,,
52,,,,,52,,,,,,,,,,,,,,,,,,,,,
52,,,,,52,,,,,,,,,,,,,,,,,,,,,
52,,,,,52,,,,,,,,,,,,,,,,,,,,,
52,,,,,52,,,,,,,,,,,,,,,,,,,,,
52,,,,,52,,,,,,,,,,,,,,,,,,,,,
52,,,,,52,,,,,,,,,,,,,,,,,,,,,
52,,,,,52,,,,,,,,,,,,,,,,,,,,,
52,,,,,52,,,,,,,,,,,,,,,,,,,,,
52,,,,,52,,,,,,,,,,,,,,,,,,,,,
52,,,,,52,,,,,,,,,,,,,,,,,,,,,
52,,,,,52,,,,,,,,,,,,,,,,,,,,,
52,,,,,52,,,,,,,,,,,,,,,,,,,,,
52,,,,,52,,,,,,,,,,,,,,,,,,,,,
52,,,,,52,,,,,,,,,,,,,,,,,,,,,
52,,,,,52,,,,,,,,,,,,,,,,,,,,,
52,,,,,52,,,,,,,,,,,,,,,,,,,,,
52,,,,,52,,,,,,,,,,,,,,,,,,,,,
52,,,,,52,,,,,,,,,,,,,,,,,,,,,
52,,,,,52,,,,,,,,,,,,,,,,,,,,,
52,,,,,52,,,,,,,,,,,,,,,,,,,,,
52,,,,,52,,,,,,,,,,,,,,,,,,,,,
52,,,,,52,,,,,,,,,,,,,,,,,,,,,
52,,,,,52,,,,,,,,,,,,,,,,,,,,,
52,,,,,52,,,,,,,,,,,,,,,,,,,,,
52,,,,,52,,,,,,,,,,,,,,,,,,,,,
52,,,,,52,,,,,,,,,,,,,,,,,,,,,
52,,,,,52,,,,,,,,,,,,,,,,,,,,,
52,,,,,52,,,,,,,,,,,,,,,,,,,,,
52,,,,,52,,,,,,,,,,,,,,,,,,,,,
52,,,,,52,,,,,,,,,,,,,,,,,,,,,
52,,,,,52,,,,,,,,,,,,,,,,,,,,,
52,,,,,52,,,,,,,,,,,,,,,,,,,,,
52,,,,,52,,,,,,,,,,,,,,,,,,,,,
52,,,,,52,,,,,,,,,,,,,,,,,,,,,
52,,,,,52,,,,,,,,,,,,,,,,,,,,,
52,,,,,52,,,,,,,,,,,,,,,,,,,,,
52,,,,,52,,,,,,,,,,,,,,,,,,,,,
52,,,,,52,,,,,,,,,,,,,,,,,,,,,
52,,,,,52,,,,,,,,,,,,,,,,,,,,,
52,,,,,52,,,,,,,,,,,,,,,,,,,,,
52,,,,,52,,,,,,,,,,,,,,,,,,,,,
52,,,,,52,,,,,,,,,,,,,,,,,,,,,
52,,,,,52,,,,,,,,,,,,,,,,,,,,,
52,,,,,52,,,,,,,,,,,,,,,,,,,,,
52,,,,,52,,,,,,,,,,,,,,,,,,,,,
52,,,,,52,,,,,,,,,,,,,,,,,,,,,
52,,,,,52,,,,,,,,,,,,,,,,,,,,,
52,,,,,52,,,,,,,,,,,,,,,,,,,,,
52,,,,,52,,,,,,,,,,,,,,,,,,,,,
52,,,,,52,,,,,,,,,,,,,,,,,,,,,
52,,,,,52,,,,,,,,,,,,,,,,,,,,,
52,,,,,52,,,,,,,,,,,,,,,,,,,,,
52,,,,,52,,,,,,,,,,,,,,,,,,,,,
52,,,,,52,,,,,,,,,,,,,,,,,,,,,
52,,,,,52,,,,,,,,,,,,,,,,,,,,,
52,,,,,52,,,,,,,,,,,,,,,,,,,,,
52,,,,,52,,,,,,,,,,,,,,,,,,,,,
52,,,,,52,,,,,,,,,,,,,,,,,,,,,
52,,,,,52,,,,,,,,,,,,,,,,,,,,,
52,,,,,52,,,,,,,,,,,,,,,,,,,,,
52,,,,,52,,,,,,,,,,,,,,,,,,,,,
52,,,,,52,,,,,,,,,,,,,,,,,,,,,
52,,,,,52,,,,,,,,,,,,,,,,,,,,,
52,,,,,52,,,,,,,,,,,,,,,,,,,,,
52,,,,,52,,,,,,,,,,,,,,,,,,,,,
52,,,,,52,,,,,,,,,,,,,,,,,,,,,
52,,,,,52,,,,,,,,,,,,,,,,,,,,,
52,,,,,52,,,,,,,,,,,,,,,,,,,,,
52,,,,,52,,,,,,,,,,,,,,,,,,,,,
52,,,,,52,,,,,,,,,,,,,,,,,,,,,
52,,,,,52,,,,,,,,,,,,,,,,,,,,,
52,,,,,52,,,,,,,,,,,,,,,,,,,,,
52,,,,,52,,,,,,,,,,,,,,,,,,,,,
52,,,,,52,,,,,,,,,,,,,,,,,,,,,
52,,,,,52,,,,,,,,,,,,,,,,,,,,,
52,,,,,52,,,,,,,,,,,,,,,,,,,,,
52,,,,,52,,,,,,,,,,,,,,,,,,,,,
52,,,,,52,,,,,,,,,,,,,,,,,,,,,
52,,,,,52,,,,,,,,,,,,,,,,,,,,,
52,,,,,52,,,,,,,,,,,,,,,,,,,,,
52,,,,,52,,,,,,,,,,,,,,,,,,,,,
52,,,,,52,,,,,,,,,,,,,,,,,,,,,
52,,,,,52,,,,,,,,,,,,,,,,,,,,,
52,,,,,52,,,,,,,,,,,,,,,,,,,,,
52,,,,,52,,,,,,,,,,,,,,,,,,,,,
52,,,,,52,,,,,,,,,,,,,,,,,,,,,
52,,,,,52,,,,,,,,,,,,,,,,,,,,,
52,,,,,52,,,,,,,,,,,,,,,,,,,,,
52,,,,,52,,,,,,,,,,,,,,,,,,,,,
52,,,,,52,,,,,,,,,,,,,,,,,,,,,
52,,,,,52,,,,,,,,,,,,,,,,,,,,,
52,,,,,52,,,,,,,,,,,,,,,,,,,,,
52,,,,,52,,,,,,,,,,,,,,,,,,,,,
52,,,,,52,,,,,,,,,,,,,,,,,,,,,
52,,,,,52,,,,,,,,,,,,,,,,,,,,,
52,,,,,52,,,,,,,,,,,,,,,,,,,,,
52,,,,,52,,,,,,,,,,,,,,,,,,,,,
52,,,,,52,,,,,,,,,,,,,,,,,,,,,
52,,,,,52,,,,,,,,,,,,,,,,,,,,,
52,,,,,52,,,,,,,,,,,,,,,,,,,,,
52,,,,,52,,,,,,,,,,,,,,,,,,,,,
52,,,,,52,,,,,,,,,,,,,,,,,,,,,
52,,,,,52,,,,,,,,,,,,,,,,,,,,,
52,,,,,52,,,,,,,,,,,,,,,,,,,,,
52,,,,,52,,,,,,,,,,,,,,,,,,,,,
52,,,,,52,,,,,,,,,,,,,,,,,,,,,
52,,,,,52,,,,,,,,,,,,,,,,,,,,,
52,,,,,52,,,,,,,,,,,,,,,,,,,,,
52,,,,,52,,,,,,,,,,,,,,,,,,,,,
52,,,,,52,,,,,,,,,,,,,,,,,,,,,
52,,,,,52,,,,,,,,,,,,,,,,,,,,,
52,,,,,52,,,,,,,,,,,,,,,,,,,,,
52,,,,,52,,,,,,,,,,,,,,,,,,,,,
52,,,,,52,,,,,,,,,,,,,,,,,,,,,
52,,,,,52,,,,,,,,,,,,,,,,,,,,,
52,,,,,52,,,,,,,,,,,,,,,,,,,,,
52,,,,,52,,,,,,,,,,,,,,,,,,,,,
52,,,,,52,,,,,,,,,,,,,,,,,,,,,
52,,,,,52,,,,,,,,,,,,,,,,,,,,,
52,,,,,52,,,,,,,,,,,,,,,,,,,,,
52,,,,,52,,,,,,,,,,,,,,,,,,,,,
52,,,,,52,,,,,,,,,,,,,,,,,,,,,
52,,,,,52,,,,,,,,,,,,,,,,,,,,,
52,,,,,52,,,,,,,,,,,,,,,,,,,,,
52,,,,,52,,,,,,,,,,,,,,,,,,,,,
52,,,,,52,,,,,,,,,,,,,,,,,,,,,
52,,,,,52,,,,,,,,,,,,,,,,,,,,,
52,,,,,52,,,,,,,,,,,,,,,,,,,,,
52,,,,,52,,,,,,,,,,,,,,,,,,,,,
52,,,,,52,,,,,,,,,,,,,,,,,,,,,
52,,,,,52,,,,,,,,,,,,,,,,,,,,,
52,,,,,52,,,,,,,,,,,,,,,,,,,,,
52,,,,,52,,,,,,,,,,,,,,,,,,,,,
52,,,,,52,,,,,,,,,,,,,,,,,,,,,
52,,,,,52,,,,,,,,,,,,,,,,,,,,,
52,,,,,52,,,,,,,,,,,,,,,,,,,,,
52,,,,,52,,,,,,,,,,,,,,,,,,,,,
52,,,,,52,,,,,,,,,,,,,,,,,,,,,
52,,,,,52,,,,,,,,,,,,,,,,,,,,,
52,,,,,52,,,,,,,,,,,,,,,,,,,,,
52,,,,,52,,,,,,,,,,,,,,,,,,,,,
52,,,,,52,,,,,,,,,,,,,,,,,,,,,
52,,,,,52,,,,,,,,,,,,,,,,,,,,,
52,,,,,52,,,,,,,,,,,,,,,,,,,,,
52,,,,,52,,,,,,,,,,,,,,,,,,,,,
52,,,,,52,,,,,,,,,,,,,,,,,,,,,
52,,,,,52,,,,,,,,,,,,,,,,,,,,,
52,,,,,52,,,,,,,,,,,,,,,,,,,,,
52,,,,,52,,,,,,,,,,,,,,,,,,,,,
52,,,,,52,,,,,,,,,,,,,,,,,,,,,
52,,,,,52,,,,,,,,,,,,,,,,,,,,,
52,,,,,52,,,,,,,,,,,,,,,,,,,,,
52,,,,,52,,,,,,,,,,,,,,,,,,,,,
52,,,,,52,,,,,,,,,,,,,,,,,,,,,
52,,,,,52,,,,,,,,,,,,,,,,,,,,,
52,,,,,52,,,,,,,,,,,,,,,,,,,,,
52,,,,,52,,,,,,,,,,,,,,,,,,,,,
52,,,,,52,,,,,,,,,,,,,,,,,,,,,
52,,,,,52,,,,,,,,,,,,,,,,,,,,,
52,,,,,52,,,,,,,,,,,,,,,,,,,,,
52,,,,,52,,,,,,,,,,,,,,,,,,,,,
52,,,,,52,,,,,,,,,,,,,,,,,,,,,
52,,,,,52,,,,,,,,,,,,,,,,,,,,,
52,,,,,52,,,,,,,,,,,,,,,,,,,,,
52,,,,,52,,,,,,,,,,,,,,,,,,,,,
52,,,,,52,,,,,,,,,,,,,,,,,,,,,
52,,,,,52,,,,,,,,,,,,,,,,,,,,,
52,,,,,52,,,,,,,,,,,,,,,,,,,,,
52,,,,,52,,,,,,,,,,,,,,,,,,,,,
52,,,,,52,,,,,,,,,,,,,,,,,,,,,
52,,,,,52,,,,,,,,,,,,,,,,,,,,,
52,,,,,52,,,,,,,,,,,,,,,,,,,,,
52,,,,,52,,,,,,,,,,,,,,,,,,,,,
52,,,,,52,,,,,,,,,,,,,,,,,,,,,
52,,,,,52,,,,,,,,,,,,,,,,,,,,,
52,,,,,52,,,,,,,,,,,,,,,,,,,,,
52,,,,,52,,,,,,,,,,,,,,,,,,,,,
52,,,,,52,,,,,,,,,,,,,,,,,,,,,
52,,,,,52,,,,,,,,,,,,,,,,,,,,,
52,,,,,52,,,,,,,,,,,,,,,,,,,,,
52,,,,,52,,,,,,,,,,,,,,,,,,,,,
52,,,,,52,,,,,,,,,,,,,,,,,,,,,
52,,,,,52,,,,,,,,,,,,,,,,,,,,,
52,,,,,52,,,,,,,,,,,,,,,,,,,,,
52,,,,,52,,,,,,,,,,,,,,,,,,,,,
52,,,,,52,,,,,,,,,,,,,,,,,,,,,
52,,,,,52,,,,,,,,,,,,,,,,,,,,,
52,,,,,52,,,,,,,,,,,,,,,,,,,,,
52,,,,,52,,,,,,,,,,,,,,,,,,,,,
52,,,,,52,,,,,,,,,,,,,,,,,,,,,
52,,,,,52,,,,,,,,,,,,,,,,,,,,,
52,,,,,52,,,,,,,,,,,,,,,,,,,,,
52,,,,,52,,,,,,,,,,,,,,,,,,,,,
52,,,,,52,,,,,,,,,,,,,,,,,,,,,
52,,,,,52,,,,,,,,,,,,,,,,,,,,,
52,,,,,52,,,,,,,,,,,,,,,,,,,,,
52,,,,,52,,,,,,,,,,,,,,,,,,,,,
52,,,,,52,,,,,,,,,,,,,,,,,,,,,
52,,,,,52,,,,,,,,,,,,,,,,,,,,,
52,,,,,52,,,,,,,,,,,,,,,,,,,,,
52,,,,,52,,,,,,,,,,,,,,,,,,,,,
52,,,,,52,,,,,,,,,,,,,,,,,,,,,
52,,,,,52,,,,,,,,,,,,,,,,,,,,,
52,,,,,52,,,,,,,,,,,,,,,,,,,,,
52,,,,,52,,,,,,,,,,,,,,,,,,,,,
52,,,,,52,,,,,,,,,,,,,,,,,,,,,
52,,,,,52,,,,,,,,,,,,,,,,,,,,,
52,,,,,52,,,,,,,,,,,,,,,,,,,,,
52,,,,,52,,,,,,,,,,,,,,,,,,,,,
52,,,,,52,,,,,,,,,,,,,,,,,,,,,
52,,,,,52,,,,,,,,,,,,,,,,,,,,,
52,,,,,52,,,,,,,,,,,,,,,,,,,,,
52,,,,,52,,,,,,,,,,,,,,,,,,,,,
52,,,,,52,,,,,,,,,,,,,,,,,,,,,
52,,,,,52,,,,,,,,,,,,,,,,,,,,,
52,,,,,52,,,,,,,,,,,,,,,,,,,,,
52,,,,,52,,,,,,,,,,,,,,,,,,,,,
52,,,,,52,,,,,,,,,,,,,,,,,,,,,
52,,,,,52,,,,,,,,,,,,,,,,,,,,,
52,,,,,52,,,,,,,,,,,,,,,,,,,,,
52,,,,,52,,,,,,,,,,,,,,,,,,,,,
52,,,,,52,,,,,,,,,,,,,,,,,,,,,
52,,,,,52,,,,,,,,,,,,,,,,,,,,,
52,,,,,52,,,,,,,,,,,,,,,,,,,,,
52,,,,,52,,,,,,,,,,,,,,,,,,,,,
52,,,,,52,,,,,,,,,,,,,,,,,,,,,
52,,,,,52,,,,,,,,,,,,,,,,,,,,,
52,,,,,52,,,,,,,,,,,,,,,,,,,,,
52,,,,,52,,,,,,,,,,,,,,,,,,,,,
52,,,,,52,,,,,,,,,,,,,,,,,,,,,
52,,,,,52,,,,,,,,,,,,,,,,,,,,,
52,,,,,52,,,,,,,,,,,,,,,,,,,,,
52,,,,,52,,,,,,,,,,,,,,,,,,,,,
52,,,,,52,,,,,,,,,,,,,,,,,,,,,
52,,,,,52,,,,,,,,,,,,,,,,,,,,,
52,,,,,52,,,,,,,,,,,,,,,,,,,,,
52,,,,,52,,,,,,,,,,,,,,,,,,,,,
52,,,,,52,,,,,,,,,,,,,,,,,,,,,
52,,,,,52,,,,,,,,,,,,,,,,,,,,,
52,,,,,52,,,,,,,,,,,,,,,,,,,,,
52,,,,,52,,,,,,,,,,,,,,,,,,,,,
52,,,,,52,,,,,,,,,,,,,,,,,,,,,
52,,,,,52,,,,,,,,,,,,,,,,,,,,,
52,,,,,52,,,,,,,,,,,,,,,,,,,,,
52,,,,,52,,,,,,,,,,,,,,,,,,,,,
52,,,,,52,,,,,,,,,,,,,,,,,,,,,
52,,,,,52,,,,,,,,,,,,,,,,,,,,,
52,,,,,52,,,,,,,,,,,,,,,,,,,,,
52,,,,,52,,,,,,,,,,,,,,,,,,,,,
52,,,,,52,,,,,,,,,,,,,,,,,,,,,
52,,,,,52,,,,,,,,,,,,,,,,,,,,,
52,,,,,52,,,,,,,,,,,,,,,,,,,,,
52,,,,,52,,,,,,,,,,,,,,,,,,,,,
52,,,,,52,,,,,,,,,,,,,,,,,,,,,
52,,,,,52,,,,,,,,,,,,,,,,,,,,,
52,,,,,52,,,,,,,,,,,,,,,,,,,,,
52,,,,,52,,,,,,,,,,,,,,,,,,,,,
52,,,,,52,,,,,,,,,,,,,,,,,,,,,
52,,,,,52,,,,,,,,,,,,,,,,,,,,,
52,,,,,52,,,,,,,,,,,,,,,,,,,,,
52,,,,,52,,,,,,,,,,,,,,,,,,,,,
52,,,,,52,,,,,,,,,,,,,,,,,,,,,
52,,,,,52,,,,,,,,,,,,,,,,,,,,,
52,,,,,52,,,,,,,,,,,,,,,,,,,,,
52,,,,,52,,,,,,,,,,,,,,,,,,,,,
52,,,,,52,,,,,,,,,,,,,,,,,,,,,
52,,,,,52,,,,,,,,,,,,,,,,,,,,,
52,,,,,52,,,,,,,,,,,,,,,,,,,,,
52,,,,,52,,,,,,,,,,,,,,,,,,,,,
52,,,,,52,,,,,,,,,,,,,,,,,,,,,
52,,,,,52,,,,,,,,,,,,,,,,,,,,,
52,,,,,52,,,,,,,,,,,,,,,,,,,,,
52,,,,,52,,,,,,,,,,,,,,,,,,,,,
52,,,,,52,,,,,,,,,,,,,,,,,,,,,
52,,,,,52,,,,,,,,,,,,,,,,,,,,,
52,,,,,52,,,,,,,,,,,,,,,,,,,,,
52,,,,,52,,,,,,,,,,,,,,,,,,,,,
52,,,,,52,,,,,,,,,,,,,,,,,,,,,
52,,,,,52,,,,,,,,,,,,,,,,,,,,,
52,,,,,52,,,,,,,,,,,,,,,,,,,,,
52,,,,,52,,,,,,,,,,,,,,,,,,,,,
52,,,,,52,,,,,,,,,,,,,,,,,,,,,
52,,,,,52,,,,,,,,,,,,,,,,,,,,,
52,,,,,52,,,,,,,,,,,,,,,,,,,,,
52,,,,,52,,,,,,,,,,,,,,,,,,,,,
52,,,,,52,,,,,,,,,,,,,,,,,,,,,
52,,,,,52,,,,,,,,,,,,,,,,,,,,,
52,,,,,52,,,,,,,,,,,,,,,,,,,,,
52,,,,,52,,,,,,,,,,,,,,,,,,,,,
52,,,,,52,,,,,,,,,,,,,,,,,,,,,
52,,,,,52,,,,,,,,,,,,,,,,,,,,,
52,,,,,52,,,,,,,,,,,,,,,,,,,,,
52,,,,,52,,,,,,,,,,,,,,,,,,,,,
52,,,,,52,,,,,,,,,,,,,,,,,,,,,
52,,,,,52,,,,,,,,,,,,,,,,,,,,,
52,,,,,52,,,,,,,,,,,,,,,,,,,,,
52,,,,,52,,,,,,,,,,,,,,,,,,,,,
52,,,,,52,,,,,,,,,,,,,,,,,,,,,
52,,,,,52,,,,,,,,,,,,,,,,,,,,,
52,,,,,52,,,,,,,,,,,,,,,,,,,,,
52,,,,,52,,,,,,,,,,,,,,,,,,,,,
52,,,,,52,,,,,,,,,,,,,,,,,,,,,
52,,,,,52,,,,,,,,,,,,,,,,,,,,,
52,,,,,52,,,,,,,,,,,,,,,,,,,,,
52,,,,,52,,,,,,,,,,,,,,,,,,,,,
52,,,,,52,,,,,,,,,,,,,,,,,,,,,
52,,,,,52,,,,,,,,,,,,,,,,,,,,,
52,,,,,52,,,,,,,,,,,,,,,,,,,,,
52,,,,,52,,,,,,,,,,,,,,,,,,,,,
52,,,,,52,,,,,,,,,,,,,,,,,,,,,
52,,,,,52,,,,,,,,,,,,,,,,,,,,,
52,,,,,52,,,,,,,,,,,,,,,,,,,,,
52,,,,,52,,,,,,,,,,,,,,,,,,,,,
52,,,,,52,,,,,,,,,,,,,,,,,,,,,
52,,,,,52,,,,,,,,,,,,,,,,,,,,,
52,,,,,52,,,,,,,,,,,,,,,,,,,,,
52,,,,,52,,,,,,,,,,,,,,,,,,,,,
52,,,,,52,,,,,,,,,,,,,,,,,,,,,
52,,,,,52,,,,,,,,,,,,,,,,,,,,,
52,,,,,52,,,,,,,,,,,,,,,,,,,,,
52,,,,,52,,,,,,,,,,,,,,,,,,,,,
52,,,,,52,,,,,,,,,,,,,,,,,,,,,
52,,,,,52,,,,,,,,,,,,,,,,,,,,,
52,,,,,52,,,,,,,,,,,,,,,,,,,,,
52,,,,,52,,,,,,,,,,,,,,,,,,,,,
52,,,,,52,,,,,,,,,,,,,,,,,,,,,
52,,,,,52,,,,,,,,,,,,,,,,,,,,,
52,,,,,52,,,,,,,,,,,,,,,,,,,,,
52,,,,,52,,,,,,,,,,,,,,,,,,,,,
52,,,,,52,,,,,,,,,,,,,,,,,,,,,
52,,,,,52,,,,,,,,,,,,,,,,,,,,,
52,,,,,52,,,,,,,,,,,,,,,,,,,,,
52,,,,,52,,,,,,,,,,,,,,,,,,,,,
52,,,,,52,,,,,,,,,,,,,,,,,,,,,
52,,,,,52,,,,,,,,,,,,,,,,,,,,,
52,,,,,52,,,,,,,,,,,,,,,,,,,,,
52,,,,,52,,,,,,,,,,,,,,,,,,,,,
52,,,,,52,,,,,,,,,,,,,,,,,,,,,
52,,,,,52,,,,,,,,,,,,,,,,,,,,,
52,,,,,52,,,,,,,,,,,,,,,,,,,,,
52,,,,,52,,,,,,,,,,,,,,,,,,,,,
52,,,,,52,,,,,,,,,,,,,,,,,,,,,
52,,,,,52,,,,,,,,,,,,,,,,,,,,,
52,,,,,52,,,,,,,,,,,,,,,,,,,,,
52,,,,,52,,,,,,,,,,,,,,,,,,,,,
52,,,,,52,,,,,,,,,,,,,,,,,,,,,
52,,,,,52,,,,,,,,,,,,,,,,,,,,,
52,,,,,52,,,,,,,,,,,,,,,,,,,,,
52,,,,,52,,,,,,,,,,,,,,,,,,,,,
52,,,,,52,,,,,,,,,,,,,,,,,,,,,
52,,,,,52,,,,,,,,,,,,,,,,,,,,,
52,,,,,52,,,,,,,,,,,,,,,,,,,,,
52,,,,,52,,,,,,,,,,,,,,,,,,,,,
52,,,,,52,,,,,,,,,,,,,,,,,,,,,
52,,,,,52,,,,,,,,,,,,,,,,,,,,,
52,,,,,52,,,,,,,,,,,,,,,,,,,,,
52,,,,,52,,,,,,,,,,,,,,,,,,,,,
52,,,,,52,,,,,,,,,,,,,,,,,,,,,
52,,,,,52,,,,,,,,,,,,,,,,,,,,,
52,,,,,52,,,,,,,,,,,,,,,,,,,,,
52,,,,,52,,,,,,,,,,,,,,,,,,,,,
52,,,,,52,,,,,,,,,,,,,,,,,,,,,
52,,,,,52,,,,,,,,,,,,,,,,,,,,,
52,,,,,52,,,,,,,,,,,,,,,,,,,,,
52,,,,,52,,,,,,,,,,,,,,,,,,,,,
52,,,,,52,,,,,,,,,,,,,,,,,,,,,
52,,,,,52,,,,,,,,,,,,,,,,,,,,,
52,,,,,52,,,,,,,,,,,,,,,,,,,,,
52,,,,,52,,,,,,,,,,,,,,,,,,,,,
52,,,,,52,,,,,,,,,,,,,,,,,,,,,
52,,,,,52,,,,,,,,,,,,,,,,,,,,,
52,,,,,52,,,,,,,,,,,,,,,,,,,,,
52,,,,,52,,,,,,,,,,,,,,,,,,,,,
52,,,,,52,,,,,,,,,,,,,,,,,,,,,
52,,,,,52,,,,,,,,,,,,,,,,,,,,,
52,,,,,52,,,,,,,,,,,,,,,,,,,,,
52,,,,,52,,,,,,,,,,,,,,,,,,,,,
52,,,,,52,,,,,,,,,,,,,,,,,,,,,
52,,,,,52,,,,,,,,,,,,,,,,,,,,,
52,,,,,52,,,,,,,,,,,,,,,,,,,,,
52,,,,,52,,,,,,,,,,,,,,,,,,,,,
52,,,,,52,,,,,,,,,,,,,,,,,,,,,
52,,,,,52,,,,,,,,,,,,,,,,,,,,,
52,,,,,52,,,,,,,,,,,,,,,,,,,,,
52,,,,,52,,,,,,,,,,,,,,,,,,,,,
52,,,,,52,,,,,,,,,,,,,,,,,,,,,
52,,,,,52,,,,,,,,,,,,,,,,,,,,,
52,,,,,52,,,,,,,,,,,,,,,,,,,,,
52,,,,,52,,,,,,,,,,,,,,,,,,,,,
52,,,,,52,,,,,,,,,,,,,,,,,,,,,
52,,,,,52,,,,,,,,,,,,,,,,,,,,,
52,,,,,52,,,,,,,,,,,,,,,,,,,,,
52,,,,,52,,,,,,,,,,,,,,,,,,,,,
52,,,,,52,,,,,,,,,,,,,,,,,,,,,
52,,,,,52,,,,,,,,,,,,,,,,,,,,,
52,,,,,52,,,,,,,,,,,,,,,,,,,,,
52,,,,,52,,,,,,,,,,,,,,,,,,,,,
52,,,,,52,,,,,,,,,,,,,,,,,,,,,
52,,,,,52,,,,,,,,,,,,,,,,,,,,,
52,,,,,52,,,,,,,,,,,,,,,,,,,,,
52,,,,,52,,,,,,,,,,,,,,,,,,,,,
52,,,,,52,,,,,,,,,,,,,,,,,,,,,
52,,,,,52,,,,,,,,,,,,,,,,,,,,,
